od_index,od_pair,accessible_flag,space,time,state
0,(0, 1),1,[0, 1],[0, 6],[4, 3]
1,(0, 2),1,[0, 2],[0, 4],[4, 1]
2,(0, 3),0,[0, 3],[0, 0],[4, 4]
3,(0, 4),0,[0, 4],[0, 0],[4, 4]
4,(0, 5),1,[0, 1, 5],[0, 6, 11],[4, 3, 0]
5,(0, 6),0,[0, 6],[0, 0],[4, 4]
6,(0, 7),0,[0, 7],[0, 0],[4, 4]
7,(0, 8),0,[0, 8],[0, 0],[4, 4]
8,(0, 9),0,[0, 9],[0, 0],[4, 4]
9,(0, 10),0,[0, 10],[0, 0],[4, 4]
10,(0, 11),0,[0, 11],[0, 0],[4, 4]
11,(0, 12),0,[0, 12],[0, 0],[4, 4]
12,(0, 13),0,[0, 13],[0, 0],[4, 4]
13,(0, 14),0,[0, 14],[0, 0],[4, 4]
14,(0, 15),0,[0, 15],[0, 0],[4, 4]
15,(0, 16),0,[0, 16],[0, 0],[4, 4]
16,(0, 17),0,[0, 17],[0, 0],[4, 4]
17,(0, 18),0,[0, 18],[0, 0],[4, 4]
18,(0, 19),0,[0, 19],[0, 0],[4, 4]
19,(0, 20),0,[0, 20],[0, 0],[4, 4]
20,(0, 21),0,[0, 21],[0, 0],[4, 4]
21,(0, 22),0,[0, 22],[0, 0],[4, 4]
22,(0, 23),0,[0, 23],[0, 0],[4, 4]
23,(1, 0),1,[1, 0],[0, 6],[4, 3]
24,(1, 2),1,[1, 0, 2],[0, 6, 10],[4, 3, 0]
25,(1, 3),0,[1, 3],[0, 0],[4, 4]
26,(1, 4),1,[1, 5, 4],[0, 5, 9],[4, 1, 0]
27,(1, 5),1,[1, 5],[0, 5],[4, 1]
28,(1, 6),0,[1, 6],[0, 0],[4, 4]
29,(1, 7),1,[1, 5, 7],[0, 5, 7],[4, 1, 0]
30,(1, 8),0,[1, 8],[0, 0],[4, 4]
31,(1, 9),0,[1, 9],[0, 0],[4, 4]
32,(1, 10),0,[1, 10],[0, 0],[4, 4]
33,(1, 11),0,[1, 11],[0, 0],[4, 4]
34,(1, 12),0,[1, 12],[0, 0],[4, 4]
35,(1, 13),0,[1, 13],[0, 0],[4, 4]
36,(1, 14),0,[1, 14],[0, 0],[4, 4]
37,(1, 15),0,[1, 15],[0, 0],[4, 4]
38,(1, 16),0,[1, 16],[0, 0],[4, 4]
39,(1, 17),0,[1, 17],[0, 0],[4, 4]
40,(1, 18),0,[1, 18],[0, 0],[4, 4]
41,(1, 19),0,[1, 19],[0, 0],[4, 4]
42,(1, 20),0,[1, 20],[0, 0],[4, 4]
43,(1, 21),0,[1, 21],[0, 0],[4, 4]
44,(1, 22),0,[1, 22],[0, 0],[4, 4]
45,(1, 23),0,[1, 23],[0, 0],[4, 4]
46,(2, 0),1,[2, 0],[0, 4],[4, 2]
47,(2, 1),1,[2, 0, 1],[0, 4, 10],[4, 2, 1]
48,(2, 3),1,[2, 3],[0, 4],[4, 1]
49,(2, 4),1,[2, 3, 4],[0, 4, 6],[4, 1, 0]
50,(2, 5),0,[2, 5],[0, 0],[4, 4]
51,(2, 6),0,[2, 6],[0, 0],[4, 4]
52,(2, 7),0,[2, 7],[0, 0],[4, 4]
53,(2, 8),0,[2, 8],[0, 0],[4, 4]
54,(2, 9),0,[2, 9],[0, 0],[4, 4]
55,(2, 10),1,[2, 11, 10],[0, 4, 10],[4, 4, 1]
56,(2, 11),1,[2, 11],[0, 4],[4, 2]
57,(2, 12),1,[2, 11, 12],[0, 4, 7],[4, 4, 3]
58,(2, 13),0,[2, 13],[0, 0],[4, 4]
59,(2, 14),0,[2, 14],[0, 0],[4, 4]
60,(2, 15),0,[2, 15],[0, 0],[4, 4]
61,(2, 16),0,[2, 16],[0, 0],[4, 4]
62,(2, 17),0,[2, 17],[0, 0],[4, 4]
63,(2, 18),0,[2, 18],[0, 0],[4, 4]
64,(2, 19),0,[2, 19],[0, 0],[4, 4]
65,(2, 20),1,[2, 11, 12, 23, 20],[0, 4, 7, 11, 14],[4, 4, 3, 1, 0]
66,(2, 21),0,[2, 21],[0, 0],[4, 4]
67,(2, 22),0,[2, 22],[0, 0],[4, 4]
68,(2, 23),1,[2, 11, 12, 23],[0, 4, 7, 11],[4, 4, 3, 1]
69,(3, 0),0,[3, 0],[0, 0],[4, 4]
70,(3, 1),1,[3, 4, 5, 1],[0, 2, 6, 11],[4, 3, 2, 1]
71,(3, 2),1,[3, 2],[0, 4],[4, 1]
72,(3, 4),1,[3, 4],[0, 2],[4, 3]
73,(3, 5),1,[3, 4, 5],[0, 2, 6],[4, 3, 2]
74,(3, 6),0,[3, 6],[0, 0],[4, 4]
75,(3, 7),1,[3, 4, 5, 7],[0, 2, 6, 8],[4, 3, 2, 1]
76,(3, 8),1,[3, 4, 8],[0, 2, 7],[4, 3, 1]
77,(3, 9),1,[3, 10, 9],[0, 6, 11],[4, 4, 1]
78,(3, 10),1,[3, 10],[0, 6],[4, 1]
79,(3, 11),0,[3, 11],[0, 0],[4, 4]
80,(3, 12),0,[3, 12],[0, 0],[4, 4]
81,(3, 13),1,[3, 10, 13],[0, 6, 10],[4, 4, 2]
82,(3, 14),1,[3, 10, 13, 14],[0, 6, 10, 15],[4, 4, 4, 1]
83,(3, 15),1,[3, 10, 9, 15],[0, 6, 11, 15],[4, 4, 1, 0]
84,(3, 16),0,[3, 16],[0, 0],[4, 4]
85,(3, 17),0,[3, 17],[0, 0],[4, 4]
86,(3, 18),1,[3, 10, 13, 14, 18],[0, 6, 10, 15, 18],[4, 4, 4, 4, 3]
87,(3, 19),0,[3, 19],[0, 0],[4, 4]
88,(3, 20),1,[3, 10, 13, 22, 23, 20],[0, 6, 10, 14, 16, 19],[4, 4, 4, 2, 1, 0]
89,(3, 21),1,[3, 10, 13, 14, 21],[0, 6, 10, 15, 18],[4, 4, 4, 4, 2]
90,(3, 22),1,[3, 10, 13, 22],[0, 6, 10, 14],[4, 4, 4, 2]
91,(3, 23),1,[3, 10, 13, 22, 23],[0, 6, 10, 14, 16],[4, 4, 4, 2, 1]
92,(4, 0),0,[4, 0],[0, 0],[4, 4]
93,(4, 1),1,[4, 5, 1],[0, 4, 9],[4, 3, 2]
94,(4, 2),1,[4, 3, 2],[0, 2, 6],[4, 4, 1]
95,(4, 3),1,[4, 3],[0, 2],[4, 3]
96,(4, 5),1,[4, 5],[0, 4],[4, 3]
97,(4, 6),0,[4, 6],[0, 0],[4, 4]
98,(4, 7),1,[4, 5, 7],[0, 4, 6],[4, 3, 2]
99,(4, 8),1,[4, 8],[0, 5],[4, 2]
100,(4, 9),1,[4, 8, 9],[0, 5, 8],[4, 2, 0]
101,(4, 10),1,[4, 3, 10],[0, 2, 8],[4, 4, 1]
102,(4, 11),0,[4, 11],[0, 0],[4, 4]
103,(4, 12),0,[4, 12],[0, 0],[4, 4]
104,(4, 13),1,[4, 3, 10, 13],[0, 2, 8, 12],[4, 4, 4, 2]
105,(4, 14),0,[4, 14],[0, 0],[4, 4]
106,(4, 15),1,[4, 5, 7, 15],[0, 4, 6, 11],[4, 3, 2, 0]
107,(4, 16),0,[4, 16],[0, 0],[4, 4]
108,(4, 17),0,[4, 17],[0, 0],[4, 4]
109,(4, 18),0,[4, 18],[0, 0],[4, 4]
110,(4, 19),0,[4, 19],[0, 0],[4, 4]
111,(4, 20),1,[4, 3, 10, 13, 22, 23, 20],[0, 2, 8, 12, 16, 18, 21],[4, 4, 4, 4, 2, 1, 0]
112,(4, 21),1,[4, 3, 10, 13, 14, 21],[0, 2, 8, 12, 17, 20],[4, 4, 4, 4, 4, 2]
113,(4, 22),1,[4, 3, 10, 13, 22],[0, 2, 8, 12, 16],[4, 4, 4, 4, 2]
114,(4, 23),1,[4, 3, 10, 13, 22, 23],[0, 2, 8, 12, 16, 18],[4, 4, 4, 4, 2, 1]
115,(5, 0),1,[5, 1, 0],[0, 5, 11],[4, 3, 2]
116,(5, 1),1,[5, 1],[0, 5],[4, 3]
117,(5, 2),1,[5, 4, 3, 2],[0, 4, 6, 10],[4, 3, 4, 1]
118,(5, 3),1,[5, 4, 3],[0, 4, 6],[4, 3, 2]
119,(5, 4),1,[5, 4],[0, 4],[4, 3]
120,(5, 6),1,[5, 7, 6],[0, 2, 5],[4, 3, 0]
121,(5, 7),1,[5, 7],[0, 2],[4, 3]
122,(5, 8),1,[5, 4, 8],[0, 4, 9],[4, 3, 1]
123,(5, 9),0,[5, 9],[0, 0],[4, 4]
124,(5, 10),1,[5, 4, 3, 10],[0, 4, 6, 12],[4, 3, 4, 1]
125,(5, 11),0,[5, 11],[0, 0],[4, 4]
126,(5, 12),0,[5, 12],[0, 0],[4, 4]
127,(5, 13),1,[5, 4, 3, 10, 13],[0, 4, 6, 12, 16],[4, 3, 4, 4, 2]
128,(5, 14),0,[5, 14],[0, 0],[4, 4]
129,(5, 15),1,[5, 7, 15],[0, 2, 7],[4, 3, 1]
130,(5, 16),0,[5, 16],[0, 0],[4, 4]
131,(5, 17),1,[5, 7, 6, 17],[0, 2, 5, 7],[4, 3, 3, 1]
132,(5, 18),0,[5, 18],[0, 0],[4, 4]
133,(5, 19),0,[5, 19],[0, 0],[4, 4]
134,(5, 20),0,[5, 20],[0, 0],[4, 4]
135,(5, 21),0,[5, 21],[0, 0],[4, 4]
136,(5, 22),1,[5, 4, 3, 10, 13, 22],[0, 4, 6, 12, 16, 20],[4, 3, 4, 4, 4, 2]
137,(5, 23),1,[5, 4, 3, 10, 13, 22, 23],[0, 4, 6, 12, 16, 20, 22],[4, 3, 4, 4, 4, 2, 1]
138,(6, 0),0,[6, 0],[0, 0],[4, 4]
139,(6, 1),1,[6, 7, 5, 1],[0, 3, 5, 10],[4, 2, 1, 0]
140,(6, 2),0,[6, 2],[0, 0],[4, 4]
141,(6, 3),0,[6, 3],[0, 0],[4, 4]
142,(6, 4),1,[6, 7, 5, 4],[0, 3, 5, 9],[4, 2, 1, 0]
143,(6, 5),1,[6, 7, 5],[0, 3, 5],[4, 2, 1]
144,(6, 7),1,[6, 7],[0, 3],[4, 2]
145,(6, 8),1,[6, 7, 8],[0, 3, 13],[4, 2, 1]
146,(6, 9),0,[6, 9],[0, 0],[4, 4]
147,(6, 10),0,[6, 10],[0, 0],[4, 4]
148,(6, 11),0,[6, 11],[0, 0],[4, 4]
149,(6, 12),0,[6, 12],[0, 0],[4, 4]
150,(6, 13),0,[6, 13],[0, 0],[4, 4]
151,(6, 14),0,[6, 14],[0, 0],[4, 4]
152,(6, 15),1,[6, 17, 15],[0, 2, 5],[4, 2, 1]
153,(6, 16),0,[6, 16],[0, 0],[4, 4]
154,(6, 17),1,[6, 17],[0, 2],[4, 2]
155,(6, 18),0,[6, 18],[0, 0],[4, 4]
156,(6, 19),1,[6, 17, 19],[0, 2, 6],[4, 2, 0]
157,(6, 20),0,[6, 20],[0, 0],[4, 4]
158,(6, 21),0,[6, 21],[0, 0],[4, 4]
159,(6, 22),0,[6, 22],[0, 0],[4, 4]
160,(6, 23),0,[6, 23],[0, 0],[4, 4]
161,(7, 0),1,[7, 5, 1, 0],[0, 2, 7, 13],[4, 3, 2, 1]
162,(7, 1),1,[7, 5, 1],[0, 2, 7],[4, 3, 2]
163,(7, 2),1,[7, 5, 4, 3, 2],[0, 2, 6, 8, 12],[4, 3, 2, 3, 0]
164,(7, 3),1,[7, 5, 4, 3],[0, 2, 6, 8],[4, 3, 2, 1]
165,(7, 4),1,[7, 5, 4],[0, 2, 6],[4, 3, 2]
166,(7, 5),1,[7, 5],[0, 2],[4, 3]
167,(7, 6),1,[7, 6],[0, 3],[4, 1]
168,(7, 8),1,[7, 8],[0, 10],[4, 3]
169,(7, 9),1,[7, 15, 9],[0, 5, 9],[4, 2, 0]
170,(7, 10),1,[7, 5, 4, 3, 10],[0, 2, 6, 8, 14],[4, 3, 2, 3, 0]
171,(7, 11),0,[7, 11],[0, 0],[4, 4]
172,(7, 12),0,[7, 12],[0, 0],[4, 4]
173,(7, 13),1,[7, 5, 4, 3, 10, 13],[0, 2, 6, 8, 14, 18],[4, 3, 2, 3, 4, 2]
174,(7, 14),0,[7, 14],[0, 0],[4, 4]
175,(7, 15),1,[7, 15],[0, 5],[4, 2]
176,(7, 16),1,[7, 15, 16],[0, 5, 7],[4, 2, 0]
177,(7, 17),1,[7, 6, 17],[0, 3, 5],[4, 4, 2]
178,(7, 18),0,[7, 18],[0, 0],[4, 4]
179,(7, 19),1,[7, 6, 17, 19],[0, 3, 5, 9],[4, 4, 2, 0]
180,(7, 20),0,[7, 20],[0, 0],[4, 4]
181,(7, 21),0,[7, 21],[0, 0],[4, 4]
182,(7, 22),0,[7, 22],[0, 0],[4, 4]
183,(7, 23),0,[7, 23],[0, 0],[4, 4]
184,(8, 0),0,[8, 0],[0, 0],[4, 4]
185,(8, 1),0,[8, 1],[0, 0],[4, 4]
186,(8, 2),0,[8, 2],[0, 0],[4, 4]
187,(8, 3),1,[8, 4, 3],[0, 5, 7],[4, 1, 0]
188,(8, 4),1,[8, 4],[0, 5],[4, 1]
189,(8, 5),1,[8, 4, 5],[0, 5, 9],[4, 1, 0]
190,(8, 6),0,[8, 6],[0, 0],[4, 4]
191,(8, 7),1,[8, 7],[0, 10],[4, 1]
192,(8, 9),1,[8, 9],[0, 3],[4, 2]
193,(8, 10),1,[8, 9, 10],[0, 3, 8],[4, 2, 1]
194,(8, 11),1,[8, 9, 10, 11],[0, 3, 8, 14],[4, 2, 1, 0]
195,(8, 12),0,[8, 12],[0, 0],[4, 4]
196,(8, 13),0,[8, 13],[0, 0],[4, 4]
197,(8, 14),0,[8, 14],[0, 0],[4, 4]
198,(8, 15),1,[8, 9, 15],[0, 3, 7],[4, 2, 1]
199,(8, 16),0,[8, 16],[0, 0],[4, 4]
200,(8, 17),0,[8, 17],[0, 0],[4, 4]
201,(8, 18),1,[8, 9, 16, 18],[0, 3, 11, 13],[4, 2, 4, 2]
202,(8, 19),0,[8, 19],[0, 0],[4, 4]
203,(8, 20),0,[8, 20],[0, 0],[4, 4]
204,(8, 21),0,[8, 21],[0, 0],[4, 4]
205,(8, 22),0,[8, 22],[0, 0],[4, 4]
206,(8, 23),0,[8, 23],[0, 0],[4, 4]
207,(9, 0),0,[9, 0],[0, 0],[4, 4]
208,(9, 1),1,[9, 15, 7, 5, 1],[0, 4, 9, 11, 16],[4, 3, 2, 1, 0]
209,(9, 2),0,[9, 2],[0, 0],[4, 4]
210,(9, 3),1,[9, 10, 3],[0, 5, 11],[4, 3, 2]
211,(9, 4),0,[9, 4],[0, 0],[4, 4]
212,(9, 5),1,[9, 15, 7, 5],[0, 4, 9, 11],[4, 3, 2, 1]
213,(9, 6),0,[9, 6],[0, 0],[4, 4]
214,(9, 7),1,[9, 15, 7],[0, 4, 9],[4, 3, 2]
215,(9, 8),1,[9, 8],[0, 3],[4, 1]
216,(9, 10),1,[9, 10],[0, 5],[4, 3]
217,(9, 11),1,[9, 10, 11],[0, 5, 11],[4, 3, 2]
218,(9, 12),1,[9, 10, 11, 12],[0, 5, 11, 14],[4, 3, 2, 1]
219,(9, 13),1,[9, 10, 13],[0, 5, 9],[4, 3, 1]
220,(9, 14),1,[9, 14],[0, 6],[4, 1]
221,(9, 15),1,[9, 15],[0, 4],[4, 3]
222,(9, 16),1,[9, 15, 16],[0, 4, 6],[4, 3, 1]
223,(9, 17),1,[9, 15, 17],[0, 4, 7],[4, 3, 1]
224,(9, 18),1,[9, 14, 18],[0, 6, 9],[4, 1, 0]
225,(9, 19),0,[9, 19],[0, 0],[4, 4]
226,(9, 20),0,[9, 20],[0, 0],[4, 4]
227,(9, 21),0,[9, 21],[0, 0],[4, 4]
228,(9, 22),1,[9, 10, 13, 22],[0, 5, 9, 13],[4, 3, 4, 2]
229,(9, 23),1,[9, 10, 13, 22, 23],[0, 5, 9, 13, 15],[4, 3, 4, 2, 1]
230,(10, 0),0,[10, 0],[0, 0],[4, 4]
231,(10, 1),1,[10, 3, 4, 5, 1],[0, 6, 8, 12, 17],[4, 3, 2, 1, 0]
232,(10, 2),1,[10, 3, 2],[0, 6, 10],[4, 3, 0]
233,(10, 3),1,[10, 3],[0, 6],[4, 3]
234,(10, 4),1,[10, 3, 4],[0, 6, 8],[4, 3, 2]
235,(10, 5),1,[10, 3, 4, 5],[0, 6, 8, 12],[4, 3, 2, 1]
236,(10, 6),0,[10, 6],[0, 0],[4, 4]
237,(10, 7),1,[10, 3, 4, 5, 7],[0, 6, 8, 12, 14],[4, 3, 2, 1, 0]
238,(10, 8),0,[10, 8],[0, 0],[4, 4]
239,(10, 9),1,[10, 9],[0, 5],[4, 1]
240,(10, 11),1,[10, 11],[0, 6],[4, 3]
241,(10, 12),1,[10, 11, 12],[0, 6, 9],[4, 3, 2]
242,(10, 13),1,[10, 13],[0, 4],[4, 2]
243,(10, 14),1,[10, 13, 14],[0, 4, 9],[4, 4, 1]
244,(10, 15),1,[10, 9, 15],[0, 5, 9],[4, 1, 0]
245,(10, 16),0,[10, 16],[0, 0],[4, 4]
246,(10, 17),0,[10, 17],[0, 0],[4, 4]
247,(10, 18),1,[10, 13, 14, 18],[0, 4, 9, 12],[4, 4, 4, 3]
248,(10, 19),1,[10, 13, 14, 18, 19],[0, 4, 9, 12, 16],[4, 4, 4, 3, 2]
249,(10, 20),1,[10, 13, 22, 23, 20],[0, 4, 8, 10, 13],[4, 4, 2, 1, 0]
250,(10, 21),1,[10, 13, 14, 21],[0, 4, 9, 12],[4, 4, 4, 2]
251,(10, 22),1,[10, 13, 22],[0, 4, 8],[4, 4, 2]
252,(10, 23),1,[10, 13, 22, 23],[0, 4, 8, 10],[4, 4, 2, 1]
253,(11, 0),0,[11, 0],[0, 0],[4, 4]
254,(11, 1),0,[11, 1],[0, 0],[4, 4]
255,(11, 2),1,[11, 2],[0, 4],[4, 1]
256,(11, 3),0,[11, 3],[0, 0],[4, 4]
257,(11, 4),0,[11, 4],[0, 0],[4, 4]
258,(11, 5),0,[11, 5],[0, 0],[4, 4]
259,(11, 6),0,[11, 6],[0, 0],[4, 4]
260,(11, 7),0,[11, 7],[0, 0],[4, 4]
261,(11, 8),0,[11, 8],[0, 0],[4, 4]
262,(11, 9),0,[11, 9],[0, 0],[4, 4]
263,(11, 10),1,[11, 10],[0, 6],[4, 1]
264,(11, 12),1,[11, 12],[0, 3],[4, 3]
265,(11, 13),0,[11, 13],[0, 0],[4, 4]
266,(11, 14),0,[11, 14],[0, 0],[4, 4]
267,(11, 15),0,[11, 15],[0, 0],[4, 4]
268,(11, 16),0,[11, 16],[0, 0],[4, 4]
269,(11, 17),0,[11, 17],[0, 0],[4, 4]
270,(11, 18),0,[11, 18],[0, 0],[4, 4]
271,(11, 19),0,[11, 19],[0, 0],[4, 4]
272,(11, 20),1,[11, 12, 23, 20],[0, 3, 7, 10],[4, 3, 1, 0]
273,(11, 21),0,[11, 21],[0, 0],[4, 4]
274,(11, 22),0,[11, 22],[0, 0],[4, 4]
275,(11, 23),1,[11, 12, 23],[0, 3, 7],[4, 3, 1]
276,(12, 0),0,[12, 0],[0, 0],[4, 4]
277,(12, 1),0,[12, 1],[0, 0],[4, 4]
278,(12, 2),0,[12, 2],[0, 0],[4, 4]
279,(12, 3),0,[12, 3],[0, 0],[4, 4]
280,(12, 4),0,[12, 4],[0, 0],[4, 4]
281,(12, 5),0,[12, 5],[0, 0],[4, 4]
282,(12, 6),0,[12, 6],[0, 0],[4, 4]
283,(12, 7),0,[12, 7],[0, 0],[4, 4]
284,(12, 8),0,[12, 8],[0, 0],[4, 4]
285,(12, 9),0,[12, 9],[0, 0],[4, 4]
286,(12, 10),0,[12, 10],[0, 0],[4, 4]
287,(12, 11),1,[12, 11],[0, 3],[4, 1]
288,(12, 13),0,[12, 13],[0, 0],[4, 4]
289,(12, 14),0,[12, 14],[0, 0],[4, 4]
290,(12, 15),0,[12, 15],[0, 0],[4, 4]
291,(12, 16),0,[12, 16],[0, 0],[4, 4]
292,(12, 17),0,[12, 17],[0, 0],[4, 4]
293,(12, 18),0,[12, 18],[0, 0],[4, 4]
294,(12, 19),1,[12, 23, 20, 19],[0, 4, 7, 13],[4, 2, 1, 0]
295,(12, 20),1,[12, 23, 20],[0, 4, 7],[4, 2, 1]
296,(12, 21),1,[12, 23, 20, 21],[0, 4, 7, 9],[4, 2, 1, 0]
297,(12, 22),1,[12, 23, 22],[0, 4, 6],[4, 2, 0]
298,(12, 23),1,[12, 23],[0, 4],[4, 2]
299,(13, 0),0,[13, 0],[0, 0],[4, 4]
300,(13, 1),1,[13, 10, 3, 4, 5, 1],[0, 4, 10, 12, 16, 21],[4, 4, 3, 2, 1, 0]
301,(13, 2),1,[13, 10, 3, 2],[0, 4, 10, 14],[4, 4, 3, 0]
302,(13, 3),1,[13, 10, 3],[0, 4, 10],[4, 4, 3]
303,(13, 4),1,[13, 10, 3, 4],[0, 4, 10, 12],[4, 4, 3, 2]
304,(13, 5),1,[13, 10, 3, 4, 5],[0, 4, 10, 12, 16],[4, 4, 3, 2, 1]
305,(13, 6),0,[13, 6],[0, 0],[4, 4]
306,(13, 7),1,[13, 14, 9, 15, 7],[0, 5, 11, 15, 20],[4, 4, 3, 2, 1]
307,(13, 8),1,[13, 14, 9, 8],[0, 5, 11, 14],[4, 4, 3, 0]
308,(13, 9),1,[13, 10, 9],[0, 4, 9],[4, 4, 1]
309,(13, 10),1,[13, 10],[0, 4],[4, 2]
310,(13, 11),1,[13, 10, 11],[0, 4, 10],[4, 4, 3]
311,(13, 12),0,[13, 12],[0, 0],[4, 4]
312,(13, 14),1,[13, 14],[0, 5],[4, 1]
313,(13, 15),1,[13, 10, 9, 15],[0, 4, 9, 13],[4, 4, 1, 0]
314,(13, 16),1,[13, 14, 18, 16],[0, 5, 8, 10],[4, 4, 3, 1]
315,(13, 17),1,[13, 14, 18, 19, 17],[0, 5, 8, 12, 16],[4, 4, 3, 2, 0]
316,(13, 18),1,[13, 14, 18],[0, 5, 8],[4, 4, 3]
317,(13, 19),1,[13, 14, 18, 19],[0, 5, 8, 12],[4, 4, 3, 2]
318,(13, 20),1,[13, 22, 23, 20],[0, 4, 6, 9],[4, 2, 1, 0]
319,(13, 21),1,[13, 14, 21],[0, 5, 8],[4, 4, 2]
320,(13, 22),1,[13, 22],[0, 4],[4, 2]
321,(13, 23),1,[13, 22, 23],[0, 4, 6],[4, 2, 1]
322,(14, 0),0,[14, 0],[0, 0],[4, 4]
323,(14, 1),0,[14, 1],[0, 0],[4, 4]
324,(14, 2),0,[14, 2],[0, 0],[4, 4]
325,(14, 3),1,[14, 9, 10, 3],[0, 6, 11, 17],[4, 3, 2, 1]
326,(14, 4),0,[14, 4],[0, 0],[4, 4]
327,(14, 5),0,[14, 5],[0, 0],[4, 4]
328,(14, 6),0,[14, 6],[0, 0],[4, 4]
329,(14, 7),0,[14, 7],[0, 0],[4, 4]
330,(14, 8),1,[14, 9, 8],[0, 6, 9],[4, 3, 0]
331,(14, 9),1,[14, 9],[0, 6],[4, 3]
332,(14, 10),0,[14, 10],[0, 0],[4, 4]
333,(14, 11),1,[14, 9, 10, 11],[0, 6, 11, 17],[4, 3, 2, 1]
334,(14, 12),1,[14, 21, 22, 23, 12],[0, 3, 7, 9, 13],[4, 2, 4, 3, 1]
335,(14, 13),1,[14, 13],[0, 5],[4, 1]
336,(14, 15),1,[14, 18, 16, 15],[0, 3, 5, 7],[4, 3, 1, 0]
337,(14, 16),1,[14, 18, 16],[0, 3, 5],[4, 3, 1]
338,(14, 17),1,[14, 18, 19, 17],[0, 3, 7, 11],[4, 3, 2, 0]
339,(14, 18),1,[14, 18],[0, 3],[4, 3]
340,(14, 19),1,[14, 18, 19],[0, 3, 7],[4, 3, 2]
341,(14, 20),1,[14, 21, 20],[0, 3, 5],[4, 2, 0]
342,(14, 21),1,[14, 21],[0, 3],[4, 2]
343,(14, 22),1,[14, 21, 22],[0, 3, 7],[4, 2, 0]
344,(14, 23),1,[14, 21, 22, 23],[0, 3, 7, 9],[4, 2, 4, 3]
345,(15, 0),1,[15, 7, 5, 1, 0],[0, 5, 7, 12, 18],[4, 3, 2, 1, 0]
346,(15, 1),1,[15, 7, 5, 1],[0, 5, 7, 12],[4, 3, 2, 1]
347,(15, 2),0,[15, 2],[0, 0],[4, 4]
348,(15, 3),1,[15, 9, 10, 3],[0, 4, 9, 15],[4, 2, 1, 0]
349,(15, 4),1,[15, 7, 5, 4],[0, 5, 7, 11],[4, 3, 2, 1]
350,(15, 5),1,[15, 7, 5],[0, 5, 7],[4, 3, 2]
351,(15, 6),1,[15, 17, 6],[0, 3, 5],[4, 2, 0]
352,(15, 7),1,[15, 7],[0, 5],[4, 3]
353,(15, 8),0,[15, 8],[0, 0],[4, 4]
354,(15, 9),1,[15, 9],[0, 4],[4, 2]
355,(15, 10),1,[15, 9, 10],[0, 4, 9],[4, 2, 1]
356,(15, 11),1,[15, 9, 10, 11],[0, 4, 9, 15],[4, 2, 1, 0]
357,(15, 12),0,[15, 12],[0, 0],[4, 4]
358,(15, 13),0,[15, 13],[0, 0],[4, 4]
359,(15, 14),0,[15, 14],[0, 0],[4, 4]
360,(15, 16),1,[15, 16],[0, 2],[4, 2]
361,(15, 17),1,[15, 17],[0, 3],[4, 2]
362,(15, 18),1,[15, 16, 18],[0, 2, 4],[4, 2, 0]
363,(15, 19),1,[15, 17, 19],[0, 3, 7],[4, 2, 0]
364,(15, 20),0,[15, 20],[0, 0],[4, 4]
365,(15, 21),0,[15, 21],[0, 0],[4, 4]
366,(15, 22),0,[15, 22],[0, 0],[4, 4]
367,(15, 23),0,[15, 23],[0, 0],[4, 4]
368,(16, 0),0,[16, 0],[0, 0],[4, 4]
369,(16, 1),1,[16, 15, 7, 5, 1],[0, 2, 7, 9, 14],[4, 3, 2, 1, 0]
370,(16, 2),0,[16, 2],[0, 0],[4, 4]
371,(16, 3),0,[16, 3],[0, 0],[4, 4]
372,(16, 4),1,[16, 15, 7, 5, 4],[0, 2, 7, 9, 13],[4, 3, 2, 1, 0]
373,(16, 5),1,[16, 15, 7, 5],[0, 2, 7, 9],[4, 3, 2, 1]
374,(16, 6),0,[16, 6],[0, 0],[4, 4]
375,(16, 7),1,[16, 15, 7],[0, 2, 7],[4, 3, 2]
376,(16, 8),0,[16, 8],[0, 0],[4, 4]
377,(16, 9),1,[16, 15, 9],[0, 2, 6],[4, 3, 1]
378,(16, 10),1,[16, 15, 9, 10],[0, 2, 6, 11],[4, 3, 1, 0]
379,(16, 11),1,[16, 9, 10, 11],[0, 8, 13, 19],[4, 2, 1, 0]
380,(16, 12),0,[16, 12],[0, 0],[4, 4]
381,(16, 13),0,[16, 13],[0, 0],[4, 4]
382,(16, 14),1,[16, 18, 14],[0, 2, 5],[4, 2, 1]
383,(16, 15),1,[16, 15],[0, 2],[4, 3]
384,(16, 17),1,[16, 15, 17],[0, 2, 5],[4, 3, 1]
385,(16, 18),1,[16, 18],[0, 2],[4, 2]
386,(16, 19),1,[16, 18, 19],[0, 2, 6],[4, 2, 1]
387,(16, 20),1,[16, 18, 19, 20],[0, 2, 6, 12],[4, 2, 1, 0]
388,(16, 21),0,[16, 21],[0, 0],[4, 4]
389,(16, 22),0,[16, 22],[0, 0],[4, 4]
390,(16, 23),0,[16, 23],[0, 0],[4, 4]
391,(17, 0),0,[17, 0],[0, 0],[4, 4]
392,(17, 1),0,[17, 1],[0, 0],[4, 4]
393,(17, 2),0,[17, 2],[0, 0],[4, 4]
394,(17, 3),0,[17, 3],[0, 0],[4, 4]
395,(17, 4),0,[17, 4],[0, 0],[4, 4]
396,(17, 5),0,[17, 5],[0, 0],[4, 4]
397,(17, 6),1,[17, 6],[0, 2],[4, 2]
398,(17, 7),1,[17, 6, 7],[0, 2, 5],[4, 2, 0]
399,(17, 8),0,[17, 8],[0, 0],[4, 4]
400,(17, 9),1,[17, 15, 9],[0, 3, 7],[4, 3, 1]
401,(17, 10),1,[17, 15, 9, 10],[0, 3, 7, 12],[4, 3, 1, 0]
402,(17, 11),0,[17, 11],[0, 0],[4, 4]
403,(17, 12),1,[17, 19, 21, 22, 23, 12],[0, 4, 9, 13, 15, 19],[4, 2, 4, 4, 3, 1]
404,(17, 13),1,[17, 19, 21, 22, 13],[0, 4, 9, 13, 17],[4, 2, 4, 4, 3]
405,(17, 14),1,[17, 19, 21, 14],[0, 4, 9, 12],[4, 2, 4, 1]
406,(17, 15),1,[17, 15],[0, 3],[4, 3]
407,(17, 16),1,[17, 15, 16],[0, 3, 5],[4, 3, 1]
408,(17, 18),0,[17, 18],[0, 0],[4, 4]
409,(17, 19),1,[17, 19],[0, 4],[4, 2]
410,(17, 20),1,[17, 19, 20],[0, 4, 10],[4, 2, 1]
411,(17, 21),1,[17, 19, 21],[0, 4, 9],[4, 2, 0]
412,(17, 22),1,[17, 19, 21, 22],[0, 4, 9, 13],[4, 2, 4, 2]
413,(17, 23),1,[17, 19, 20, 23],[0, 4, 10, 13],[4, 2, 1, 0]
414,(18, 0),0,[18, 0],[0, 0],[4, 4]
415,(18, 1),0,[18, 1],[0, 0],[4, 4]
416,(18, 2),0,[18, 2],[0, 0],[4, 4]
417,(18, 3),1,[18, 14, 9, 10, 3],[0, 3, 9, 14, 20],[4, 3, 2, 1, 0]
418,(18, 4),0,[18, 4],[0, 0],[4, 4]
419,(18, 5),0,[18, 5],[0, 0],[4, 4]
420,(18, 6),0,[18, 6],[0, 0],[4, 4]
421,(18, 7),1,[18, 16, 15, 7],[0, 2, 4, 9],[4, 2, 1, 0]
422,(18, 8),0,[18, 8],[0, 0],[4, 4]
423,(18, 9),1,[18, 14, 9],[0, 3, 9],[4, 3, 2]
424,(18, 10),1,[18, 14, 9, 10],[0, 3, 9, 14],[4, 3, 2, 1]
425,(18, 11),1,[18, 14, 9, 10, 11],[0, 3, 9, 14, 20],[4, 3, 2, 1, 0]
426,(18, 12),0,[18, 12],[0, 0],[4, 4]
427,(18, 13),1,[18, 14, 13],[0, 3, 8],[4, 3, 0]
428,(18, 14),1,[18, 14],[0, 3],[4, 3]
429,(18, 15),1,[18, 16, 15],[0, 2, 4],[4, 2, 1]
430,(18, 16),1,[18, 16],[0, 2],[4, 2]
431,(18, 17),1,[18, 19, 17],[0, 4, 8],[4, 3, 1]
432,(18, 19),1,[18, 19],[0, 4],[4, 3]
433,(18, 20),0,[18, 20],[0, 0],[4, 4]
434,(18, 21),1,[18, 14, 21],[0, 3, 6],[4, 3, 1]
435,(18, 22),0,[18, 22],[0, 0],[4, 4]
436,(18, 23),1,[18, 19, 20, 23],[0, 4, 10, 13],[4, 3, 2, 1]
437,(19, 0),0,[19, 0],[0, 0],[4, 4]
438,(19, 1),0,[19, 1],[0, 0],[4, 4]
439,(19, 2),0,[19, 2],[0, 0],[4, 4]
440,(19, 3),0,[19, 3],[0, 0],[4, 4]
441,(19, 4),0,[19, 4],[0, 0],[4, 4]
442,(19, 5),0,[19, 5],[0, 0],[4, 4]
443,(19, 6),1,[19, 17, 6],[0, 4, 6],[4, 2, 0]
444,(19, 7),0,[19, 7],[0, 0],[4, 4]
445,(19, 8),0,[19, 8],[0, 0],[4, 4]
446,(19, 9),0,[19, 9],[0, 0],[4, 4]
447,(19, 10),1,[19, 21, 22, 13, 10],[0, 5, 9, 13, 17],[4, 4, 4, 3, 1]
448,(19, 11),0,[19, 11],[0, 0],[4, 4]
449,(19, 12),1,[19, 20, 23, 12],[0, 6, 9, 13],[4, 3, 2, 0]
450,(19, 13),1,[19, 21, 22, 13],[0, 5, 9, 13],[4, 4, 4, 3]
451,(19, 14),1,[19, 18, 14],[0, 4, 7],[4, 1, 0]
452,(19, 15),1,[19, 17, 15],[0, 4, 7],[4, 2, 1]
453,(19, 16),0,[19, 16],[0, 0],[4, 4]
454,(19, 17),1,[19, 17],[0, 4],[4, 2]
455,(19, 18),1,[19, 18],[0, 4],[4, 1]
456,(19, 20),1,[19, 20],[0, 6],[4, 3]
457,(19, 21),1,[19, 21],[0, 5],[4, 2]
458,(19, 22),1,[19, 21, 22],[0, 5, 9],[4, 4, 2]
459,(19, 23),1,[19, 20, 23],[0, 6, 9],[4, 3, 2]
460,(20, 0),0,[20, 0],[0, 0],[4, 4]
461,(20, 1),0,[20, 1],[0, 0],[4, 4]
462,(20, 2),0,[20, 2],[0, 0],[4, 4]
463,(20, 3),1,[20, 21, 22, 13, 10, 3],[0, 2, 6, 10, 14, 20],[4, 3, 4, 3, 4, 3]
464,(20, 4),1,[20, 21, 22, 13, 10, 3, 4],[0, 2, 6, 10, 14, 20, 22],[4, 3, 4, 3, 4, 3, 2]
465,(20, 5),0,[20, 5],[0, 0],[4, 4]
466,(20, 6),0,[20, 6],[0, 0],[4, 4]
467,(20, 7),0,[20, 7],[0, 0],[4, 4]
468,(20, 8),0,[20, 8],[0, 0],[4, 4]
469,(20, 9),0,[20, 9],[0, 0],[4, 4]
470,(20, 10),1,[20, 21, 22, 13, 10],[0, 2, 6, 10, 14],[4, 3, 4, 3, 1]
471,(20, 11),0,[20, 11],[0, 0],[4, 4]
472,(20, 12),1,[20, 23, 12],[0, 3, 7],[4, 3, 1]
473,(20, 13),1,[20, 23, 22, 13],[0, 3, 5, 9],[4, 3, 1, 0]
474,(20, 14),1,[20, 21, 14],[0, 2, 5],[4, 3, 0]
475,(20, 15),1,[20, 19, 17, 15],[0, 6, 10, 13],[4, 3, 1, 0]
476,(20, 16),0,[20, 16],[0, 0],[4, 4]
477,(20, 17),1,[20, 19, 17],[0, 6, 10],[4, 3, 1]
478,(20, 18),0,[20, 18],[0, 0],[4, 4]
479,(20, 19),1,[20, 19],[0, 6],[4, 3]
480,(20, 21),1,[20, 21],[0, 2],[4, 3]
481,(20, 22),1,[20, 21, 22],[0, 2, 6],[4, 3, 1]
482,(20, 23),1,[20, 23],[0, 3],[4, 3]
483,(21, 0),0,[21, 0],[0, 0],[4, 4]
484,(21, 1),0,[21, 1],[0, 0],[4, 4]
485,(21, 2),0,[21, 2],[0, 0],[4, 4]
486,(21, 3),1,[21, 22, 13, 10, 3],[0, 4, 8, 12, 18],[4, 4, 3, 4, 3]
487,(21, 4),1,[21, 22, 13, 10, 3, 4],[0, 4, 8, 12, 18, 20],[4, 4, 3, 4, 3, 2]
488,(21, 5),0,[21, 5],[0, 0],[4, 4]
489,(21, 6),0,[21, 6],[0, 0],[4, 4]
490,(21, 7),0,[21, 7],[0, 0],[4, 4]
491,(21, 8),0,[21, 8],[0, 0],[4, 4]
492,(21, 9),1,[21, 14, 9],[0, 3, 9],[4, 1, 0]
493,(21, 10),1,[21, 22, 13, 10],[0, 4, 8, 12],[4, 4, 3, 1]
494,(21, 11),0,[21, 11],[0, 0],[4, 4]
495,(21, 12),1,[21, 22, 23, 12],[0, 4, 6, 10],[4, 4, 3, 1]
496,(21, 13),1,[21, 22, 13],[0, 4, 8],[4, 4, 3]
497,(21, 14),1,[21, 14],[0, 3],[4, 1]
498,(21, 15),0,[21, 15],[0, 0],[4, 4]
499,(21, 16),0,[21, 16],[0, 0],[4, 4]
500,(21, 17),1,[21, 19, 17],[0, 5, 9],[4, 2, 0]
501,(21, 18),1,[21, 14, 18],[0, 3, 6],[4, 1, 0]
502,(21, 19),1,[21, 19],[0, 5],[4, 2]
503,(21, 20),1,[21, 20],[0, 2],[4, 2]
504,(21, 22),1,[21, 22],[0, 4],[4, 2]
505,(21, 23),1,[21, 20, 23],[0, 2, 5],[4, 2, 1]
506,(22, 0),0,[22, 0],[0, 0],[4, 4]
507,(22, 1),1,[22, 13, 10, 3, 4, 5, 1],[0, 4, 8, 14, 16, 20, 25],[4, 3, 4, 3, 2, 1, 0]
508,(22, 2),0,[22, 2],[0, 0],[4, 4]
509,(22, 3),1,[22, 13, 10, 3],[0, 4, 8, 14],[4, 3, 4, 3]
510,(22, 4),1,[22, 13, 10, 3, 4],[0, 4, 8, 14, 16],[4, 3, 4, 3, 2]
511,(22, 5),1,[22, 13, 10, 3, 4, 5],[0, 4, 8, 14, 16, 20],[4, 3, 4, 3, 2, 1]
512,(22, 6),0,[22, 6],[0, 0],[4, 4]
513,(22, 7),0,[22, 7],[0, 0],[4, 4]
514,(22, 8),1,[22, 13, 14, 9, 8],[0, 4, 9, 15, 18],[4, 3, 4, 3, 0]
515,(22, 9),1,[22, 13, 10, 9],[0, 4, 8, 13],[4, 3, 4, 1]
516,(22, 10),1,[22, 13, 10],[0, 4, 8],[4, 3, 1]
517,(22, 11),0,[22, 11],[0, 0],[4, 4]
518,(22, 12),1,[22, 23, 12],[0, 2, 6],[4, 3, 1]
519,(22, 13),1,[22, 13],[0, 4],[4, 3]
520,(22, 14),0,[22, 14],[0, 0],[4, 4]
521,(22, 15),1,[22, 13, 14, 18, 16, 15],[0, 4, 9, 12, 14, 16],[4, 3, 4, 3, 1, 0]
522,(22, 16),1,[22, 13, 14, 18, 16],[0, 4, 9, 12, 14],[4, 3, 4, 3, 1]
523,(22, 17),0,[22, 17],[0, 0],[4, 4]
524,(22, 18),1,[22, 13, 14, 18],[0, 4, 9, 12],[4, 3, 4, 3]
525,(22, 19),0,[22, 19],[0, 0],[4, 4]
526,(22, 20),1,[22, 23, 20],[0, 2, 5],[4, 3, 2]
527,(22, 21),1,[22, 21],[0, 4],[4, 1]
528,(22, 23),1,[22, 23],[0, 2],[4, 3]
529,(23, 0),0,[23, 0],[0, 0],[4, 4]
530,(23, 1),0,[23, 1],[0, 0],[4, 4]
531,(23, 2),0,[23, 2],[0, 0],[4, 4]
532,(23, 3),0,[23, 3],[0, 0],[4, 4]
533,(23, 4),0,[23, 4],[0, 0],[4, 4]
534,(23, 5),0,[23, 5],[0, 0],[4, 4]
535,(23, 6),0,[23, 6],[0, 0],[4, 4]
536,(23, 7),0,[23, 7],[0, 0],[4, 4]
537,(23, 8),0,[23, 8],[0, 0],[4, 4]
538,(23, 9),0,[23, 9],[0, 0],[4, 4]
539,(23, 10),0,[23, 10],[0, 0],[4, 4]
540,(23, 11),0,[23, 11],[0, 0],[4, 4]
541,(23, 12),1,[23, 12],[0, 4],[4, 2]
542,(23, 13),1,[23, 22, 13],[0, 2, 6],[4, 2, 1]
543,(23, 14),0,[23, 14],[0, 0],[4, 4]
544,(23, 15),0,[23, 15],[0, 0],[4, 4]
545,(23, 16),0,[23, 16],[0, 0],[4, 4]
546,(23, 17),1,[23, 20, 19, 17],[0, 3, 9, 13],[4, 3, 2, 0]
547,(23, 18),0,[23, 18],[0, 0],[4, 4]
548,(23, 19),1,[23, 20, 19],[0, 3, 9],[4, 3, 2]
549,(23, 20),1,[23, 20],[0, 3],[4, 3]
550,(23, 21),1,[23, 20, 21],[0, 3, 5],[4, 3, 2]
551,(23, 22),1,[23, 22],[0, 2],[4, 2]
